model,row_idx,machine,manual_relevance,manual_technical_accuracy,manual_completeness,manual_clarity,manual_notes
stage2,228,Typhoon 1.02,,,,,
stage2,51,jarvis,,,,,
commercial_gpt-5,27,crushed,,,,,
stage3,233,Broken Gallery,,,,,
stage3,189,GreenHorn,,,,,
stage3,17,pilgrimage,,,,,
stage2,209,Corrosion 2,,,,,
stage2,178,DevVortex,,,,,
commercial_gpt-5-mini,60,jupiter,,,,,
stage2,65,jupiter,,,,,
stage2,61,jupiter,,,,,
stage2,191,GreenHorn,,,,,
stage3,179,DevVortex,,,,,
stage3,208,Corrosion 2,,,,,
commercial_gpt-5-mini,230,Broken Gallery,,,,,
stage2,54,jarvis,,,,,
stage3,139,Scanned,,,,,
commercial_gpt-5-mini,55,jarvis,,,,,
stage3,183,DevVortex,,,,,
commercial_gpt-5-mini,115,Developer,,,,,
commercial_gpt-5,33,panthom,,,,,
stage2,13,pilgrimage,,,,,
stage3,58,jupiter,,,,,
commercial_gpt-5-mini,61,jupiter,,,,,
commercial_gpt-5,160,TwoMillion,,,,,
stage3,50,jarvis,,,,,
stage3,172,Absolute,,,,,
commercial_gpt-5,153,Derailed,,,,,
stage2,189,GreenHorn,,,,,
commercial_gpt-5,242,Replay 1,,,,,
stage2,198,Compiled,,,,,
commercial_gpt-5,199,Compiled,,,,,
commercial_gpt-5,168,Absolute,,,,,
commercial_gpt-5,5,succession,,,,,
stage2,88,authority,,,,,
commercial_gpt-5-mini,136,Scanned,,,,,
stage2,255,Moonraker 1,,,,,
commercial_gpt-5,239,Replay 1,,,,,
stage2,161,TwoMillion,,,,,
commercial_gpt-5,64,jupiter,,,,,
